taxa,latitude,longitude,location
Bird,-37.7829,144.9434,"-37.7829, 144.9434"
Bird,-37.8022,144.9135,"-37.8022, 144.9135"
Bird,-37.8481,144.9805,"-37.8481, 144.9805"
Bird,-37.8311,144.9105,"-37.8311, 144.9105"
Bird,-37.8026,144.9136,"-37.8026, 144.9136"
Bird,-37.8123,144.9358,"-37.8123, 144.9358"
Bird,-37.8311,144.9105,"-37.8311, 144.9105"
Bird,-37.813,144.9805,"-37.813, 144.9805"
Bird,-37.7833,144.9441,"-37.7833, 144.9441"
Bird,-37.8311,144.9105,"-37.8311, 144.9105"
Bird,-37.813,144.9805,"-37.813, 144.9805"
Bird,-37.7833,144.9441,"-37.7833, 144.9441"
Bird,-37.7822,144.9444,"-37.7822, 144.9444"
Bird,-37.8311,144.9105,"-37.8311, 144.9105"
Bird,-37.8311,144.9105,"-37.8311, 144.9105"
Diplopod,-37.7951,144.9758,"-37.7951, 144.9758"
Echinoderm,-37.7928,144.9653,"-37.7928, 144.9653"
Insect,-37.814,144.981,"-37.814, 144.981"
Insect,-37.8387,144.9066,"-37.8387, 144.9066"
Insect,-37.8319,144.9087,"-37.8319, 144.9087"
Mollusc,-37.8292,144.9007,"-37.8292, 144.9007"
Plant,-37.8305,144.9062,"-37.8305, 144.9062"
Plant,-37.813,144.9805,"-37.813, 144.9805"
Plant,-37.7911,144.924,"-37.7911, 144.924"
Plant,-37.7919,144.9572,"-37.7919, 144.9572"
Plant,-37.7919,144.9572,"-37.7919, 144.9572"
Plant,-37.813,144.9805,"-37.813, 144.9805"
Plant,-37.813,144.9805,"-37.813, 144.9805"
Plant,-37.7919,144.9572,"-37.7919, 144.9572"
Plant,-37.813,144.9805,"-37.813, 144.9805"
Plant,-37.802,144.9308,"-37.802, 144.9308"
Plant,-37.813,144.9805,"-37.813, 144.9805"
Plant,-37.813,144.9805,"-37.813, 144.9805"
Plant,-37.7919,144.9572,"-37.7919, 144.9572"
Plant,-37.7919,144.9572,"-37.7919, 144.9572"
Plant,-37.813,144.9802,"-37.813, 144.9802"
Plant,-37.8024,144.9628,"-37.8024, 144.9628"
Plant,-37.7919,144.9572,"-37.7919, 144.9572"
Plant,-37.7919,144.9572,"-37.7919, 144.9572"
Plant,-37.8061,144.9651,"-37.8061, 144.9651"
Plant,-37.8061,144.9651,"-37.8061, 144.9651"
Plant,-37.7911,144.924,"-37.7911, 144.924"
Plant,-37.813,144.9805,"-37.813, 144.9805"
Plant,-37.7919,144.9572,"-37.7919, 144.9572"
Plant,-37.813,144.9805,"-37.813, 144.9805"
Plant,-37.813,144.9805,"-37.813, 144.9805"
Plant,-37.813,144.9805,"-37.813, 144.9805"
Plant,-37.7911,144.924,"-37.7911, 144.924"
Plant,-37.7911,144.924,"-37.7911, 144.924"
Plant,-37.7911,144.924,"-37.7911, 144.924"
Bird,-37.8123,144.9358,"-37.8123, 144.9358"
Bird,-37.8311,144.9105,"-37.8311, 144.9105"
Crustacean,-37.8158,144.9394,"-37.8158, 144.9394"
Insect,-37.813,144.9802,"-37.813, 144.9802"
Insect,-37.813,144.9802,"-37.813, 144.9802"
Plant,-37.7919,144.9572,"-37.7919, 144.9572"
Plant,-37.813,144.9805,"-37.813, 144.9805"
Plant,-37.813,144.9805,"-37.813, 144.9805"
Plant,-37.813,144.9805,"-37.813, 144.9805"
Plant,-37.8123,144.9358,"-37.8123, 144.9358"
Plant,-37.7919,144.9572,"-37.7919, 144.9572"
Plant,-37.813,144.9805,"-37.813, 144.9805"
Plant,-37.813,144.9805,"-37.813, 144.9805"
Plant,-37.7919,144.9572,"-37.7919, 144.9572"
Plant,-37.813,144.9805,"-37.813, 144.9805"
Plant,-37.813,144.9805,"-37.813, 144.9805"
Plant,-37.7919,144.9572,"-37.7919, 144.9572"
Plant,-37.813,144.9805,"-37.813, 144.9805"
Plant,-37.7919,144.9572,"-37.7919, 144.9572"
Plant,-37.813,144.9805,"-37.813, 144.9805"
Plant,-37.813,144.9805,"-37.813, 144.9805"
Plant,-37.7919,144.9572,"-37.7919, 144.9572"
Plant,-37.8061,144.9651,"-37.8061, 144.9651"
Plant,-37.813,144.9805,"-37.813, 144.9805"
Plant,-37.813,144.9805,"-37.813, 144.9805"
Plant,-37.8061,144.9651,"-37.8061, 144.9651"
Plant,-37.813,144.9805,"-37.813, 144.9805"
Plant,-37.813,144.9805,"-37.813, 144.9805"
Plant,-37.813,144.9805,"-37.813, 144.9805"
Plant,-37.7911,144.924,"-37.7911, 144.924"
Plant,-37.7919,144.9572,"-37.7919, 144.9572"
Plant,-37.8061,144.9651,"-37.8061, 144.9651"
Plant,-37.7911,144.924,"-37.7911, 144.924"
Plant,-37.8061,144.9651,"-37.8061, 144.9651"
Plant,-37.813,144.9805,"-37.813, 144.9805"
Plant,-37.7914,144.9566,"-37.7914, 144.9566"
Plant,-37.8061,144.9651,"-37.8061, 144.9651"
Bird,-37.7923,144.964,"-37.7923, 144.964"
Bird,-37.8311,144.9105,"-37.8311, 144.9105"
Bird,-37.7833,144.9441,"-37.7833, 144.9441"
Bird,-37.813,144.9805,"-37.813, 144.9805"
Bird,-37.824,144.942,"-37.824, 144.942"
Bird,-37.813,144.9802,"-37.813, 144.9802"
Bird,-37.8311,144.9105,"-37.8311, 144.9105"
Bird,-37.7833,144.9441,"-37.7833, 144.9441"
Bird,-37.7825,144.9421,"-37.7825, 144.9421"
Bird,-37.813,144.9802,"-37.813, 144.9802"
Bird,-37.8161,144.9805,"-37.8161, 144.9805"
Bird,-37.8413,144.9011,"-37.8413, 144.9011"
Bird,-37.8135,144.9782,"-37.8135, 144.9782"
Bird,-37.7869,144.9172,"-37.7869, 144.9172"
Bird,-37.8413,144.9011,"-37.8413, 144.9011"
Bird,-37.8311,144.9105,"-37.8311, 144.9105"
Bird,-37.8311,144.9105,"-37.8311, 144.9105"
Bird,-37.8311,144.9105,"-37.8311, 144.9105"
Bird,-37.7819,144.9426,"-37.7819, 144.9426"
Bird,-37.813,144.9805,"-37.813, 144.9805"
Bird,-37.8311,144.9105,"-37.8311, 144.9105"
Bird,-37.8484,144.9819,"-37.8484, 144.9819"
Bird,-37.8188,144.9743,"-37.8188, 144.9743"
Bird,,,
Bird,-37.8311,144.9105,"-37.8311, 144.9105"
Bird,-37.8311,144.9105,"-37.8311, 144.9105"
Bird,-37.7833,144.9441,"-37.7833, 144.9441"
Bird,-37.7833,144.9441,"-37.7833, 144.9441"
Bird,-37.8311,144.9105,"-37.8311, 144.9105"
Bird,-37.813,144.9805,"-37.813, 144.9805"
Bird,-37.8311,144.9105,"-37.8311, 144.9105"
Bird,-37.8311,144.9105,"-37.8311, 144.9105"
Bird,-37.7833,144.9441,"-37.7833, 144.9441"
Fish,-37.8292,144.9005,"-37.8292, 144.9005"
Insect,-37.7986,144.9324,"-37.7986, 144.9324"
Insect,-37.796,144.962,"-37.796, 144.962"
Insect,-37.8141,144.9747,"-37.8141, 144.9747"
Insect,-37.8043,144.9706,"-37.8043, 144.9706"
Insect,-37.813,144.9802,"-37.813, 144.9802"
Insect,-37.7989,144.9746,"-37.7989, 144.9746"
Insect,-37.813,144.9805,"-37.813, 144.9805"
Insect,-37.8123,144.9358,"-37.8123, 144.9358"
Mammal,-37.7959,144.9355,"-37.7959, 144.9355"
Mammal,-37.813,144.9805,"-37.813, 144.9805"
Plant,-37.7919,144.9572,"-37.7919, 144.9572"
Plant,-37.813,144.9805,"-37.813, 144.9805"
Plant,-37.813,144.9805,"-37.813, 144.9805"
Plant,-37.7919,144.9572,"-37.7919, 144.9572"
Plant,-37.813,144.9805,"-37.813, 144.9805"
Plant,-37.8061,144.9651,"-37.8061, 144.9651"
Plant,-37.813,144.9805,"-37.813, 144.9805"
Plant,-37.813,144.9802,"-37.813, 144.9802"
Plant,-37.8292,144.9007,"-37.8292, 144.9007"
Plant,-37.8387,144.9066,"-37.8387, 144.9066"
Plant,-37.7881,144.9529,"-37.7881, 144.9529"
Plant,-37.8061,144.9651,"-37.8061, 144.9651"
Plant,-37.7919,144.9572,"-37.7919, 144.9572"
Plant,-37.813,144.9805,"-37.813, 144.9805"
Plant,-37.7919,144.9572,"-37.7919, 144.9572"
Plant,-37.813,144.9805,"-37.813, 144.9805"
Plant,-37.813,144.9805,"-37.813, 144.9805"
Plant,-37.813,144.9805,"-37.813, 144.9805"
Plant,-37.813,144.9805,"-37.813, 144.9805"
Plant,-37.813,144.9805,"-37.813, 144.9805"
Plant,-37.7919,144.9572,"-37.7919, 144.9572"
Plant,-37.813,144.9805,"-37.813, 144.9805"
Plant,-37.7911,144.924,"-37.7911, 144.924"
Plant,-37.7919,144.9572,"-37.7919, 144.9572"
Plant,-37.813,144.9805,"-37.813, 144.9805"
Plant,-37.8061,144.9651,"-37.8061, 144.9651"
Plant,-37.7911,144.924,"-37.7911, 144.924"
Plant,-37.813,144.9805,"-37.813, 144.9805"
Plant,-37.7833,144.9441,"-37.7833, 144.9441"
Plant,-37.7919,144.9572,"-37.7919, 144.9572"
Plant,-37.813,144.9805,"-37.813, 144.9805"
Plant,-37.813,144.9805,"-37.813, 144.9805"
Plant,-37.7919,144.9572,"-37.7919, 144.9572"
Plant,-37.7919,144.9572,"-37.7919, 144.9572"
Reptile,-37.8021,144.9306,"-37.8021, 144.9306"
Bird,-37.8292,144.9007,"-37.8292, 144.9007"
Bird,-37.8289,144.9812,"-37.8289, 144.9812"
Bird,-37.8311,144.9105,"-37.8311, 144.9105"
Bird,-37.7823,144.9429,"-37.7823, 144.9429"
Bird,-37.834,144.9807,"-37.834, 144.9807"
Bird,-37.8311,144.9105,"-37.8311, 144.9105"
Bird,-37.7831,144.943,"-37.7831, 144.943"
Bird,-37.8311,144.9105,"-37.8311, 144.9105"
Bird,-37.7881,144.9529,"-37.7881, 144.9529"
Bird,-37.7833,144.9441,"-37.7833, 144.9441"
Bird,-37.7973,144.9359,"-37.7973, 144.9359"
Bird,-37.7866,144.9178,"-37.7866, 144.9178"
Bird,-37.8413,144.9011,"-37.8413, 144.9011"
Bird,-37.8311,144.9105,"-37.8311, 144.9105"
Bird,-37.8158,144.9394,"-37.8158, 144.9394"
Bird,-37.7833,144.9441,"-37.7833, 144.9441"
Bird,-37.7833,144.9441,"-37.7833, 144.9441"
Bird,-37.8311,144.9105,"-37.8311, 144.9105"
Bird,-37.8126,144.9712,"-37.8126, 144.9712"
Bird,-37.8044,144.971,"-37.8044, 144.971"
Bird,-37.8097,144.9069,"-37.8097, 144.9069"
Bird,-37.7833,144.9441,"-37.7833, 144.9441"
Bird,-37.8311,144.9105,"-37.8311, 144.9105"
Bird,-37.8311,144.9105,"-37.8311, 144.9105"
Bird,-37.7819,144.9439,"-37.7819, 144.9439"
Bird,-37.8311,144.9105,"-37.8311, 144.9105"
Bird,-37.8311,144.9105,"-37.8311, 144.9105"
Bird,-37.7886,144.9078,"-37.7886, 144.9078"
Insect,-37.7919,144.9572,"-37.7919, 144.9572"
Mammal,-37.7919,144.9572,"-37.7919, 144.9572"
Plant,-37.813,144.9805,"-37.813, 144.9805"
Plant,-37.7922,144.9645,"-37.7922, 144.9645"
Bird,-37.8002,144.9361,"-37.8002, 144.9361"
Bird,-37.8094,144.9727,"-37.8094, 144.9727"
Bird,-37.7886,144.9087,"-37.7886, 144.9087"
Bird,-37.7937,144.962,"-37.7937, 144.962"
Bird,-37.7823,144.9429,"-37.7823, 144.9429"
Bird,-37.7805,144.9398,"-37.7805, 144.9398"
Bird,-37.8123,144.9358,"-37.8123, 144.9358"
Bird,-37.813,144.9805,"-37.813, 144.9805"
Bird,-37.813,144.9805,"-37.813, 144.9805"
Bird,-37.7833,144.9441,"-37.7833, 144.9441"
Bird,-37.8311,144.9105,"-37.8311, 144.9105"
Bird,-37.7911,144.924,"-37.7911, 144.924"
Bird,-37.8498,144.9808,"-37.8498, 144.9808"
Bird,-37.8167,144.9784,"-37.8167, 144.9784"
Cnidaria,-37.8387,144.9066,"-37.8387, 144.9066"
Insect,-37.7918,144.9623,"-37.7918, 144.9623"
Insect,-37.7911,144.924,"-37.7911, 144.924"
Insect,-37.7919,144.9572,"-37.7919, 144.9572"
Plant,-37.813,144.9805,"-37.813, 144.9805"
Plant,-37.813,144.9805,"-37.813, 144.9805"
Plant,-37.813,144.9805,"-37.813, 144.9805"
Plant,-37.813,144.9805,"-37.813, 144.9805"
Plant,-37.813,144.9805,"-37.813, 144.9805"
Plant,-37.813,144.9805,"-37.813, 144.9805"
Plant,-37.813,144.9805,"-37.813, 144.9805"
Plant,-37.813,144.9805,"-37.813, 144.9805"
Plant,-37.7919,144.9572,"-37.7919, 144.9572"
Plant,-37.7911,144.924,"-37.7911, 144.924"
Plant,-38.1157,145.1698,"-38.1157, 145.1698"
Plant,-37.813,144.9805,"-37.813, 144.9805"
Plant,-37.813,144.9805,"-37.813, 144.9805"
Plant,-37.7919,144.9572,"-37.7919, 144.9572"
Bird,-37.7833,144.9441,"-37.7833, 144.9441"
Bird,-37.8311,144.9105,"-37.8311, 144.9105"
Bird,-37.8458,144.9793,"-37.8458, 144.9793"
Bird,-37.8311,144.9105,"-37.8311, 144.9105"
Bird,-37.7911,144.924,"-37.7911, 144.924"
Bird,-37.813,144.9805,"-37.813, 144.9805"
Bird,-37.8311,144.9105,"-37.8311, 144.9105"
Bird,-37.813,144.9805,"-37.813, 144.9805"
Bird,-37.813,144.9805,"-37.813, 144.9805"
Bird,-37.7833,144.9441,"-37.7833, 144.9441"
Bird,-37.813,144.9805,"-37.813, 144.9805"
Bird,-37.8311,144.9105,"-37.8311, 144.9105"
Bird,-37.813,144.9805,"-37.813, 144.9805"
Fungi,-37.8161,144.9805,"-37.8161, 144.9805"
Insect,-37.7919,144.9572,"-37.7919, 144.9572"
Insect,-37.7871,144.9097,"-37.7871, 144.9097"
Insect,-37.7825,144.942,"-37.7825, 144.942"
Insect,-37.8471,144.9803,"-37.8471, 144.9803"
Mammal,-37.8311,144.9105,"-37.8311, 144.9105"
Plant,-37.813,144.9805,"-37.813, 144.9805"
Plant,-37.813,144.9805,"-37.813, 144.9805"
Plant,-37.7919,144.9572,"-37.7919, 144.9572"
Plant,-37.7919,144.9572,"-37.7919, 144.9572"
Plant,-37.7911,144.924,"-37.7911, 144.924"
Plant,-37.813,144.9805,"-37.813, 144.9805"
Plant,-37.7919,144.9572,"-37.7919, 144.9572"
Plant,-37.7919,144.9572,"-37.7919, 144.9572"
Plant,-37.7833,144.9441,"-37.7833, 144.9441"
Bird,-37.8311,144.9105,"-37.8311, 144.9105"
Bird,-37.7873,144.9163,"-37.7873, 144.9163"
Bird,-37.8303,144.9063,"-37.8303, 144.9063"
Bird,-37.7833,144.9441,"-37.7833, 144.9441"
Bird,-37.7825,144.9414,"-37.7825, 144.9414"
Bird,-37.8033,144.9134,"-37.8033, 144.9134"
Bird,-37.813,144.9805,"-37.813, 144.9805"
Bird,-37.8311,144.9105,"-37.8311, 144.9105"
Bird,-37.8311,144.9105,"-37.8311, 144.9105"
Insect,-37.813,144.9805,"-37.813, 144.9805"
Insect,-37.8033,144.9126,"-37.8033, 144.9126"
Insect,-37.8293,144.9759,"-37.8293, 144.9759"
Plant,-37.7911,144.924,"-37.7911, 144.924"
Plant,-37.813,144.9805,"-37.813, 144.9805"
Plant,-37.813,144.9805,"-37.813, 144.9805"
Plant,-37.7917,144.9631,"-37.7917, 144.9631"
Plant,-37.813,144.9805,"-37.813, 144.9805"
Plant,-37.7919,144.9572,"-37.7919, 144.9572"
Plant,-37.813,144.9805,"-37.813, 144.9805"
Plant,-37.813,144.9805,"-37.813, 144.9805"
Plant,-37.8061,144.9651,"-37.8061, 144.9651"
Plant,-37.813,144.9805,"-37.813, 144.9805"
Plant,-37.7919,144.9572,"-37.7919, 144.9572"
Plant,-37.7919,144.9572,"-37.7919, 144.9572"
Bird,-37.8413,144.9011,"-37.8413, 144.9011"
Bird,-37.7833,144.9441,"-37.7833, 144.9441"
Bird,-37.7823,144.9441,"-37.7823, 144.9441"
Bird,-37.8021,144.9135,"-37.8021, 144.9135"
Bird,-37.7833,144.9441,"-37.7833, 144.9441"
Bird,-37.7833,144.9441,"-37.7833, 144.9441"
Bird,-37.787,144.9172,"-37.787, 144.9172"
Bird,-37.8311,144.9105,"-37.8311, 144.9105"
Bird,-37.8311,144.9105,"-37.8311, 144.9105"
Bird,-37.8018,144.9144,"-37.8018, 144.9144"
Bird,-37.8293,144.9759,"-37.8293, 144.9759"
Bird,-37.8311,144.9105,"-37.8311, 144.9105"
Bird,-37.8413,144.9011,"-37.8413, 144.9011"
Bird,-37.7944,144.9358,"-37.7944, 144.9358"
Bird,-37.8311,144.9105,"-37.8311, 144.9105"
Bird,-37.8311,144.9105,"-37.8311, 144.9105"
Bird,-37.8024,144.9628,"-37.8024, 144.9628"
Bird,-37.8311,144.9105,"-37.8311, 144.9105"
Bird,-37.8311,144.9105,"-37.8311, 144.9105"
Bird,-37.8311,144.9105,"-37.8311, 144.9105"
Bird,-37.7833,144.9441,"-37.7833, 144.9441"
Bird,-37.8311,144.9105,"-37.8311, 144.9105"
Insect,-37.8293,144.9759,"-37.8293, 144.9759"
Plant,-37.813,144.9805,"-37.813, 144.9805"
Plant,-37.7919,144.9572,"-37.7919, 144.9572"
Plant,-37.813,144.9805,"-37.813, 144.9805"
Plant,-37.813,144.9805,"-37.813, 144.9805"
Plant,-37.813,144.9805,"-37.813, 144.9805"
Plant,-37.8061,144.9651,"-37.8061, 144.9651"
Plant,-37.813,144.9802,"-37.813, 144.9802"
Plant,-37.7919,144.9572,"-37.7919, 144.9572"
Plant,-37.7919,144.9572,"-37.7919, 144.9572"
Plant,-37.7919,144.9572,"-37.7919, 144.9572"
Plant,-37.7919,144.9572,"-37.7919, 144.9572"
Plant,-37.7919,144.9572,"-37.7919, 144.9572"
Plant,-37.7919,144.9572,"-37.7919, 144.9572"
Plant,-37.813,144.9805,"-37.813, 144.9805"
Plant,-37.813,144.9805,"-37.813, 144.9805"
Bird,-37.8311,144.9105,"-37.8311, 144.9105"
Bird,-37.7833,144.9441,"-37.7833, 144.9441"
Bird,-37.7824,144.9435,"-37.7824, 144.9435"
Bird,-37.7898,144.9539,"-37.7898, 144.9539"
Bird,-37.8311,144.9105,"-37.8311, 144.9105"
Bird,-37.7833,144.9441,"-37.7833, 144.9441"
Bird,-37.7833,144.9441,"-37.7833, 144.9441"
Bird,-37.7833,144.9441,"-37.7833, 144.9441"
Bird,-37.8311,144.9105,"-37.8311, 144.9105"
Bird,-37.7833,144.9441,"-37.7833, 144.9441"
Insect,-37.7947,144.9649,"-37.7947, 144.9649"
Insect,-37.813,144.9805,"-37.813, 144.9805"
Mammal,-37.8228,144.9468,"-37.8228, 144.9468"
Mammal,-37.8367,144.9185,"-37.8367, 144.9185"
Plant,-37.813,144.9805,"-37.813, 144.9805"
Plant,-37.813,144.9805,"-37.813, 144.9805"
Plant,-37.7919,144.9572,"-37.7919, 144.9572"
Plant,-37.8061,144.9651,"-37.8061, 144.9651"
Plant,-37.7914,144.9566,"-37.7914, 144.9566"
Plant,-37.8061,144.9651,"-37.8061, 144.9651"
Plant,-37.7919,144.9572,"-37.7919, 144.9572"
Plant,-37.7919,144.9572,"-37.7919, 144.9572"
Plant,-37.7919,144.9572,"-37.7919, 144.9572"
Plant,-37.7911,144.924,"-37.7911, 144.924"
Plant,-37.7919,144.9572,"-37.7919, 144.9572"
Plant,-37.7919,144.9572,"-37.7919, 144.9572"
Plant,-37.7919,144.9572,"-37.7919, 144.9572"
Plant,-37.8061,144.9651,"-37.8061, 144.9651"
Plant,-37.7919,144.9572,"-37.7919, 144.9572"
Plant,-37.7919,144.9572,"-37.7919, 144.9572"
Plant,-37.7919,144.9572,"-37.7919, 144.9572"
Plant,-37.813,144.9805,"-37.813, 144.9805"
Plant,-37.8061,144.9651,"-37.8061, 144.9651"
Plant,-37.813,144.9805,"-37.813, 144.9805"
Plant,-37.7911,144.924,"-37.7911, 144.924"
Plant,-37.7919,144.9572,"-37.7919, 144.9572"
Plant,-37.7919,144.9572,"-37.7919, 144.9572"
Plant,-37.8061,144.9651,"-37.8061, 144.9651"
Bird,-37.813,144.9805,"-37.813, 144.9805"
Bird,-37.8311,144.9105,"-37.8311, 144.9105"
Bird,-37.7833,144.9441,"-37.7833, 144.9441"
Bird,-37.7823,144.9429,"-37.7823, 144.9429"
Bird,-37.8316,144.9082,"-37.8316, 144.9082"
Bird,-37.813,144.9805,"-37.813, 144.9805"
Bird,-37.8311,144.9105,"-37.8311, 144.9105"
Bird,-37.8311,144.9105,"-37.8311, 144.9105"
Bird,-37.8017,144.9143,"-37.8017, 144.9143"
Bird,-37.8311,144.9105,"-37.8311, 144.9105"
Bird,-37.7822,144.9428,"-37.7822, 144.9428"
Bird,-37.8311,144.9105,"-37.8311, 144.9105"
Bird,-37.824,144.942,"-37.824, 144.942"
Bird,-37.7833,144.9441,"-37.7833, 144.9441"
Bird,-37.8311,144.9105,"-37.8311, 144.9105"
Bird,-37.795,144.9359,"-37.795, 144.9359"
Bird,-37.7833,144.9441,"-37.7833, 144.9441"
Bird,-37.7833,144.9441,"-37.7833, 144.9441"
Bird,-37.7823,144.9425,"-37.7823, 144.9425"
Bird,-37.802,144.9147,"-37.802, 144.9147"
Bird,-37.7937,144.962,"-37.7937, 144.962"
Bird,-37.813,144.9805,"-37.813, 144.9805"
Bird,-37.8311,144.9105,"-37.8311, 144.9105"
Bird,-37.8293,144.9759,"-37.8293, 144.9759"
Bird,-37.8063,144.9227,"-37.8063, 144.9227"
Bird,-37.8311,144.9105,"-37.8311, 144.9105"
Bird,-37.8158,144.9394,"-37.8158, 144.9394"
Bird,-37.8311,144.9105,"-37.8311, 144.9105"
Bird,-37.8311,144.9078,"-37.8311, 144.9078"
Bird,-37.8032,144.9283,"-37.8032, 144.9283"
Bird,-37.7878,144.9432,"-37.7878, 144.9432"
Bird,-37.8301,144.9065,"-37.8301, 144.9065"
Bird,-37.8311,144.9105,"-37.8311, 144.9105"
Bird,-37.7833,144.9441,"-37.7833, 144.9441"
Bird,-37.7919,144.9572,"-37.7919, 144.9572"
Bird,-37.7881,144.9529,"-37.7881, 144.9529"
Fish,-37.8292,144.9007,"-37.8292, 144.9007"
Insect,,,
Insect,-37.8293,144.9759,"-37.8293, 144.9759"
Insect,-37.8169,144.9818,"-37.8169, 144.9818"
Insect,-37.7919,144.9572,"-37.7919, 144.9572"
Insect,-37.813,144.9805,"-37.813, 144.9805"
Insect,-37.7952,144.9647,"-37.7952, 144.9647"
Mammal,-37.7919,144.9572,"-37.7919, 144.9572"
Plant,-37.813,144.9805,"-37.813, 144.9805"
Plant,-37.813,144.9805,"-37.813, 144.9805"
Plant,-37.8293,144.9759,"-37.8293, 144.9759"
Plant,-37.7919,144.9572,"-37.7919, 144.9572"
Plant,-37.8022,144.9155,"-37.8022, 144.9155"
Plant,-37.813,144.9805,"-37.813, 144.9805"
Plant,-37.813,144.9805,"-37.813, 144.9805"
Plant,-37.813,144.9805,"-37.813, 144.9805"
Plant,-37.7919,144.9572,"-37.7919, 144.9572"
Plant,-37.813,144.9805,"-37.813, 144.9805"
Plant,-37.7911,144.924,"-37.7911, 144.924"
Plant,-37.813,144.9805,"-37.813, 144.9805"
Plant,-37.813,144.9805,"-37.813, 144.9805"
Plant,-37.813,144.9805,"-37.813, 144.9805"
Plant,-37.7911,144.924,"-37.7911, 144.924"
Plant,-37.7911,144.924,"-37.7911, 144.924"
Plant,-37.7919,144.9572,"-37.7919, 144.9572"
Plant,-37.7919,144.9572,"-37.7919, 144.9572"
Plant,-37.813,144.9805,"-37.813, 144.9805"
Plant,-37.8061,144.9651,"-37.8061, 144.9651"
Plant,-37.7919,144.9572,"-37.7919, 144.9572"
Plant,-37.7919,144.9572,"-37.7919, 144.9572"
Plant,-37.813,144.9805,"-37.813, 144.9805"
Plant,-37.7919,144.9572,"-37.7919, 144.9572"
Plant,-37.8061,144.9651,"-37.8061, 144.9651"
Plant,-37.8061,144.9651,"-37.8061, 144.9651"
Plant,-37.813,144.9805,"-37.813, 144.9805"
Plant,-37.8043,144.941,"-37.8043, 144.941"
Plant,-37.8397,144.9806,"-37.8397, 144.9806"
Plant,-37.7911,144.924,"-37.7911, 144.924"
Plant,-37.813,144.9805,"-37.813, 144.9805"
Plant,-37.7919,144.9572,"-37.7919, 144.9572"
Plant,-37.7919,144.9572,"-37.7919, 144.9572"
Plant,-37.813,144.9805,"-37.813, 144.9805"
Plant,-37.7919,144.9572,"-37.7919, 144.9572"
Plant,-37.7919,144.9572,"-37.7919, 144.9572"
Plant,-37.7919,144.9572,"-37.7919, 144.9572"
Plant,-37.7833,144.9441,"-37.7833, 144.9441"
Plant,-37.813,144.9805,"-37.813, 144.9805"
Plant,-37.813,144.9805,"-37.813, 144.9805"
Amphibian,-37.833,144.9801,"-37.833, 144.9801"
Bird,-37.8311,144.9105,"-37.8311, 144.9105"
Bird,-37.8311,144.9105,"-37.8311, 144.9105"
Bird,-37.7894,144.9371,"-37.7894, 144.9371"
Bird,-37.7833,144.9441,"-37.7833, 144.9441"
Bird,-37.813,144.9805,"-37.813, 144.9805"
Bird,-37.7833,144.9441,"-37.7833, 144.9441"
Bird,-37.7919,144.9572,"-37.7919, 144.9572"
Bird,-37.7833,144.9441,"-37.7833, 144.9441"
Bird,-37.8311,144.9105,"-37.8311, 144.9105"
Bird,-37.8311,144.9105,"-37.8311, 144.9105"
Bird,-37.813,144.9805,"-37.813, 144.9805"
Bird,-37.7875,144.9153,"-37.7875, 144.9153"
Bird,-37.8457,144.9792,"-37.8457, 144.9792"
Bird,-37.8311,144.9105,"-37.8311, 144.9105"
Bird,-37.7833,144.9441,"-37.7833, 144.9441"
Bird,-37.7826,144.9434,"-37.7826, 144.9434"
Bird,-37.7822,144.9424,"-37.7822, 144.9424"
Crustacean,-37.813,144.9802,"-37.813, 144.9802"
Fish,-37.8292,144.9007,"-37.8292, 144.9007"
Insect,-37.8293,144.9759,"-37.8293, 144.9759"
Insect,-37.7915,144.9624,"-37.7915, 144.9624"
Insect,-37.8141,144.9747,"-37.8141, 144.9747"
Insect,-37.7914,144.9566,"-37.7914, 144.9566"
Plant,-37.8061,144.9651,"-37.8061, 144.9651"
Plant,-37.813,144.9805,"-37.813, 144.9805"
Plant,-37.8292,144.9007,"-37.8292, 144.9007"
Plant,-37.813,144.9805,"-37.813, 144.9805"
Plant,-37.813,144.9805,"-37.813, 144.9805"
Plant,-37.7911,144.924,"-37.7911, 144.924"
Plant,-37.813,144.9805,"-37.813, 144.9805"
Bacteria,-37.7226,144.9521,"-37.7226, 144.9521"
Plant,-37.8341,144.9058,"-37.8341, 144.9058"
Plant,-37.7911,144.924,"-37.7911, 144.924"
Plant,-37.7911,144.924,"-37.7911, 144.924"
Plant,-37.7914,144.9566,"-37.7914, 144.9566"
Plant,-37.7911,144.924,"-37.7911, 144.924"
Reptile,-37.7878,144.9423,"-37.7878, 144.9423"
Bird,-37.8021,144.9135,"-37.8021, 144.9135"
Bird,-37.813,144.9802,"-37.813, 144.9802"
Bird,-37.7883,144.9087,"-37.7883, 144.9087"
Bird,-37.7833,144.9441,"-37.7833, 144.9441"
Bird,-37.787,144.9168,"-37.787, 144.9168"
Bird,-37.8311,144.9105,"-37.8311, 144.9105"
Bird,-37.8311,144.9105,"-37.8311, 144.9105"
Bird,-37.7865,144.9189,"-37.7865, 144.9189"
Bird,-37.8307,144.9103,"-37.8307, 144.9103"
Bird,-37.7833,144.9441,"-37.7833, 144.9441"
Plant,-37.7911,144.924,"-37.7911, 144.924"
Plant,-37.7919,144.9572,"-37.7919, 144.9572"
Plant,-37.7911,144.924,"-37.7911, 144.924"
Plant,-37.813,144.9805,"-37.813, 144.9805"
Plant,-37.8061,144.9651,"-37.8061, 144.9651"
Plant,-37.813,144.9805,"-37.813, 144.9805"
Plant,-37.7919,144.9572,"-37.7919, 144.9572"
Plant,-37.813,144.9805,"-37.813, 144.9805"
Plant,-37.7919,144.9572,"-37.7919, 144.9572"
Bird,-37.7833,144.9441,"-37.7833, 144.9441"
Bird,-37.7826,144.9434,"-37.7826, 144.9434"
Bird,-37.7911,144.924,"-37.7911, 144.924"
Bird,-37.8186,144.9731,"-37.8186, 144.9731"
Bird,-37.8319,144.9087,"-37.8319, 144.9087"
Bird,-37.7873,144.9161,"-37.7873, 144.9161"
Bird,-37.7924,144.9642,"-37.7924, 144.9642"
Bird,-37.8311,144.9105,"-37.8311, 144.9105"
Bird,-37.7944,144.9649,"-37.7944, 144.9649"
Bird,-37.8311,144.9105,"-37.8311, 144.9105"
Bird,-37.8311,144.9105,"-37.8311, 144.9105"
Bird,-37.7833,144.9441,"-37.7833, 144.9441"
Bird,-37.8311,144.9105,"-37.8311, 144.9105"
Bird,-37.8311,144.9105,"-37.8311, 144.9105"
Bird,-37.7833,144.9441,"-37.7833, 144.9441"
Bird,-37.7826,144.9426,"-37.7826, 144.9426"
Bird,-37.7828,144.9418,"-37.7828, 144.9418"
Bird,-37.7864,144.9185,"-37.7864, 144.9185"
Bird,-37.782,144.944,"-37.782, 144.944"
Bird,-37.7833,144.9441,"-37.7833, 144.9441"
Bird,-37.8502,144.981,"-37.8502, 144.981"
Bird,-37.7833,144.9441,"-37.7833, 144.9441"
Bird,-37.8336,144.9047,"-37.8336, 144.9047"
Bird,-37.8292,144.9007,"-37.8292, 144.9007"
Bird,-37.8311,144.9105,"-37.8311, 144.9105"
Bird,-37.8311,144.9105,"-37.8311, 144.9105"
Bird,-37.7833,144.9441,"-37.7833, 144.9441"
Bird,-37.8044,144.9711,"-37.8044, 144.9711"
Bird,-37.8311,144.9105,"-37.8311, 144.9105"
Bird,-37.8311,144.9105,"-37.8311, 144.9105"
Bird,-37.7833,144.9441,"-37.7833, 144.9441"
Bird,-37.8311,144.9105,"-37.8311, 144.9105"
Bird,-37.7833,144.9441,"-37.7833, 144.9441"
Bird,-37.8146,144.9796,"-37.8146, 144.9796"
Fish,-37.8387,144.9066,"-37.8387, 144.9066"
Insect,-37.813,144.9805,"-37.813, 144.9805"
Insect,-37.813,144.9802,"-37.813, 144.9802"
Insect,-37.7994,144.9736,"-37.7994, 144.9736"
Insect,-37.8019,144.9722,"-37.8019, 144.9722"
Insect,-37.8305,144.9062,"-37.8305, 144.9062"
Insect,-37.813,144.9805,"-37.813, 144.9805"
Insect,-37.8293,144.9759,"-37.8293, 144.9759"
Insect,-37.8386,144.9066,"-37.8386, 144.9066"
Insect,-37.8293,144.9759,"-37.8293, 144.9759"
Insect,-37.7931,144.9643,"-37.7931, 144.9643"
Plant,-37.813,144.9805,"-37.813, 144.9805"
Plant,-37.813,144.9805,"-37.813, 144.9805"
Plant,-37.7919,144.9572,"-37.7919, 144.9572"
Plant,-37.7911,144.924,"-37.7911, 144.924"
Plant,-37.813,144.9802,"-37.813, 144.9802"
Plant,-37.813,144.9805,"-37.813, 144.9805"
Plant,-37.813,144.9805,"-37.813, 144.9805"
Plant,-37.7919,144.9572,"-37.7919, 144.9572"
Plant,-37.7919,144.9572,"-37.7919, 144.9572"
Plant,-37.7919,144.9572,"-37.7919, 144.9572"
Plant,-37.7914,144.9566,"-37.7914, 144.9566"
Plant,-37.8413,144.9011,"-37.8413, 144.9011"
Plant,-37.7919,144.9572,"-37.7919, 144.9572"
Plant,-37.813,144.9802,"-37.813, 144.9802"
Plant,-37.7919,144.9572,"-37.7919, 144.9572"
Plant,-37.813,144.9805,"-37.813, 144.9805"
Plant,-37.7919,144.9572,"-37.7919, 144.9572"
Plant,-37.813,144.9805,"-37.813, 144.9805"
Plant,-37.813,144.9805,"-37.813, 144.9805"
Plant,-37.813,144.9805,"-37.813, 144.9805"
Plant,-37.813,144.9805,"-37.813, 144.9805"
Plant,-37.813,144.9805,"-37.813, 144.9805"
Plant,-37.7914,144.9566,"-37.7914, 144.9566"
Plant,-37.7833,144.9441,"-37.7833, 144.9441"
Plant,-37.7919,144.9572,"-37.7919, 144.9572"
Plant,-37.813,144.9805,"-37.813, 144.9805"
Plant,-37.813,144.9805,"-37.813, 144.9805"
Plant,-37.813,144.9805,"-37.813, 144.9805"
Plant,-37.813,144.9805,"-37.813, 144.9805"
Plant,-37.813,144.9805,"-37.813, 144.9805"
Plant,-37.813,144.9805,"-37.813, 144.9805"
Plant,-37.7919,144.9572,"-37.7919, 144.9572"
Plant,-37.7919,144.9572,"-37.7919, 144.9572"
Plant,-37.7919,144.9572,"-37.7919, 144.9572"
Plant,-37.813,144.9805,"-37.813, 144.9805"
Plant,-37.7911,144.924,"-37.7911, 144.924"
Plant,-37.813,144.9805,"-37.813, 144.9805"
Plant,-37.7911,144.924,"-37.7911, 144.924"
Plant,-37.813,144.9805,"-37.813, 144.9805"
Plant,-37.813,144.9805,"-37.813, 144.9805"
Bird,-37.8,144.9359,"-37.8, 144.9359"
Bird,-37.8311,144.9105,"-37.8311, 144.9105"
Bird,-37.813,144.9805,"-37.813, 144.9805"
Bird,-37.7914,144.9566,"-37.7914, 144.9566"
Bird,-37.9396,144.6737,"-37.9396, 144.6737"
Bird,-37.7833,144.9441,"-37.7833, 144.9441"
Bird,-37.8023,144.9633,"-37.8023, 144.9633"
Bird,-37.8293,144.9008,"-37.8293, 144.9008"
Bird,-37.7894,144.937,"-37.7894, 144.937"
Bird,-37.8311,144.9105,"-37.8311, 144.9105"
Bird,-37.8303,144.9063,"-37.8303, 144.9063"
Insect,-37.7952,144.9647,"-37.7952, 144.9647"
Insect,-37.8311,144.9105,"-37.8311, 144.9105"
Insect,-37.8154,144.9358,"-37.8154, 144.9358"
Insect,-37.813,144.9805,"-37.813, 144.9805"
Insect,-37.85,144.9808,"-37.85, 144.9808"
Insect,-37.8147,144.9803,"-37.8147, 144.9803"
Plant,-37.813,144.9805,"-37.813, 144.9805"
Plant,-37.7911,144.924,"-37.7911, 144.924"
Plant,-37.7919,144.9572,"-37.7919, 144.9572"
Plant,-37.813,144.9805,"-37.813, 144.9805"
Plant,-37.813,144.9805,"-37.813, 144.9805"
Plant,-37.7919,144.9572,"-37.7919, 144.9572"
Plant,-37.813,144.9805,"-37.813, 144.9805"
Plant,-37.8061,144.9651,"-37.8061, 144.9651"
Plant,-37.7911,144.924,"-37.7911, 144.924"
Plant,-37.8061,144.9651,"-37.8061, 144.9651"
Plant,-37.7919,144.9572,"-37.7919, 144.9572"
Plant,-37.813,144.9805,"-37.813, 144.9805"
Plant,-37.7919,144.9572,"-37.7919, 144.9572"
Plant,-37.813,144.9805,"-37.813, 144.9805"
Plant,-37.7833,144.9441,"-37.7833, 144.9441"
Plant,-37.7945,144.9359,"-37.7945, 144.9359"
Plant,-37.813,144.9805,"-37.813, 144.9805"
Plant,-37.813,144.9805,"-37.813, 144.9805"
Plant,-37.813,144.9805,"-37.813, 144.9805"
Bird,-37.7833,144.9441,"-37.7833, 144.9441"
Bird,-37.7906,144.9094,"-37.7906, 144.9094"
Bird,-37.8311,144.9105,"-37.8311, 144.9105"
Bird,-37.7829,144.9437,"-37.7829, 144.9437"
Bird,-37.813,144.9805,"-37.813, 144.9805"
Bird,-37.813,144.9805,"-37.813, 144.9805"
Bird,-37.7797,144.9422,"-37.7797, 144.9422"
Bird,-37.813,144.9805,"-37.813, 144.9805"
Bird,-37.8078,144.9249,"-37.8078, 144.9249"
Bird,-37.8311,144.9105,"-37.8311, 144.9105"
Bird,-37.7833,144.9441,"-37.7833, 144.9441"
Bird,-37.8311,144.9105,"-37.8311, 144.9105"
Bird,-37.7883,144.9083,"-37.7883, 144.9083"
Bird,-37.8311,144.9105,"-37.8311, 144.9105"
Bird,-37.8311,144.9105,"-37.8311, 144.9105"
Bird,-37.8311,144.9105,"-37.8311, 144.9105"
Bird,-37.7833,144.9441,"-37.7833, 144.9441"
Bird,-37.8331,144.9044,"-37.8331, 144.9044"
Bird,-37.8311,144.9105,"-37.8311, 144.9105"
Bird,-37.8311,144.9105,"-37.8311, 144.9105"
Bird,-37.7826,144.9434,"-37.7826, 144.9434"
Insect,-37.8043,144.9705,"-37.8043, 144.9705"
Bird,-37.8053,144.9706,"-37.8053, 144.9706"
Bird,-37.7822,144.9423,"-37.7822, 144.9423"
Bird,-37.7824,144.9435,"-37.7824, 144.9435"
Bird,-37.7919,144.9572,"-37.7919, 144.9572"
Insect,-37.7919,144.9572,"-37.7919, 144.9572"
Plant,-37.824,144.942,"-37.824, 144.942"
Mammal,-37.813,144.9805,"-37.813, 144.9805"
Plant,-37.7833,144.9441,"-37.7833, 144.9441"
Plant,-37.813,144.9805,"-37.813, 144.9805"
Plant,-37.813,144.9805,"-37.813, 144.9805"
Reptile,-37.8311,144.9105,"-37.8311, 144.9105"
Plant,-37.7919,144.9572,"-37.7919, 144.9572"
Plant,-37.813,144.9805,"-37.813, 144.9805"
Plant,-37.795,144.9358,"-37.795, 144.9358"
Plant,-37.813,144.9805,"-37.813, 144.9805"
Plant,-37.8061,144.9651,"-37.8061, 144.9651"
Plant,-37.7833,144.9441,"-37.7833, 144.9441"
Plant,-37.813,144.9805,"-37.813, 144.9805"
Plant,-37.7919,144.9572,"-37.7919, 144.9572"
Plant,-37.7911,144.924,"-37.7911, 144.924"
Plant,-37.813,144.9805,"-37.813, 144.9805"
Plant,-37.7919,144.9572,"-37.7919, 144.9572"
Plant,-37.7919,144.9572,"-37.7919, 144.9572"
Plant,-37.7919,144.9572,"-37.7919, 144.9572"
Plant,-37.7833,144.9441,"-37.7833, 144.9441"
Plant,-37.813,144.9805,"-37.813, 144.9805"
Plant,-37.813,144.9805,"-37.813, 144.9805"
Plant,-37.7914,144.9566,"-37.7914, 144.9566"
